ratio 1,ratio 2,ratio 3,ratio 4,ratio 5
2.2287699368035745,1.2396167487494738,1.540802972482511,0.46209732731507297,1.34866102842096
